{"cameraMode":{"drawMode":0,"name":"Shaded","section":"Shading Mode"},"sceneLighting":true,"audioPlay":false,"sceneViewState":{"m_AlwaysRefresh":false,"showFog":true,"showSkybox":true,"showFlares":true,"showImageEffects":true,"showParticleSystems":true,"showVisualEffectGraphs":true,"m_FxEnabled":true},"in2DMode":false,"pivot":{"x":2.4265544414520265,"y":1.4012701511383057,"z":1.9885269403457642},"rotation":{"x":0.06442475318908692,"y":0.3767756521701813,"z":-0.015030907467007637,"w":0.9250947833061218},"size":3.905933380126953,"orthographic":false}