{"cameraMode":{"drawMode":0,"name":"Shaded","section":"Shading Mode"},"sceneLighting":true,"audioPlay":false,"sceneViewState":{"m_AlwaysRefresh":false,"showFog":true,"showSkybox":true,"showFlares":true,"showImageEffects":true,"showParticleSystems":true,"showVisualEffectGraphs":true,"m_FxEnabled":true},"in2DMode":false,"pivot":{"x":7.293236255645752,"y":1.8559997081756592,"z":-0.18899178504943849},"rotation":{"x":-0.13916094601154328,"y":-0.7206459045410156,"z":0.14991135895252229,"w":-0.6637954711914063},"size":1.3940184116363526,"orthographic":false}