{"cameraMode":{"drawMode":0,"name":"Shaded","section":"Shading Mode"},"sceneLighting":true,"audioPlay":false,"sceneViewState":{"m_AlwaysRefresh":false,"showFog":true,"showSkybox":true,"showFlares":true,"showImageEffects":true,"showParticleSystems":true,"showVisualEffectGraphs":true,"m_FxEnabled":true},"in2DMode":false,"pivot":{"x":241.30162048339845,"y":-56.760643005371097,"z":52.50831604003906},"rotation":{"x":0.10079678893089295,"y":0.6203025579452515,"z":-0.07109393924474716,"w":0.7758893966674805},"size":126.3092269897461,"orthographic":false}