{"cameraMode":{"drawMode":0,"name":"Shaded","section":"Shading Mode"},"sceneLighting":true,"audioPlay":false,"sceneViewState":{"m_AlwaysRefresh":false,"showFog":true,"showSkybox":true,"showFlares":true,"showImageEffects":true,"showParticleSystems":true,"showVisualEffectGraphs":true,"m_FxEnabled":true},"in2DMode":false,"pivot":{"x":-8.295896530151368,"y":-14.337471008300782,"z":12.479978561401368},"rotation":{"x":-0.38578087091445925,"y":0.19950184226036073,"z":-0.08267692476511002,"w":-0.8975987434387207},"size":12.104130744934082,"orthographic":false}