{"cameraMode":{"drawMode":0,"name":"Shaded","section":"Shading Mode"},"sceneLighting":true,"audioPlay":false,"sceneViewState":{"m_AlwaysRefresh":false,"showFog":true,"showSkybox":true,"showFlares":true,"showImageEffects":true,"showParticleSystems":true,"showVisualEffectGraphs":true,"m_FxEnabled":true},"in2DMode":false,"pivot":{"x":-9.636849403381348,"y":-0.1061658039689064,"z":11.883471488952637},"rotation":{"x":0.10445345193147659,"y":-0.29998645186424258,"z":0.03346579894423485,"w":0.9484959840774536},"size":8.940690994262696,"orthographic":false}