{"cameraMode":{"drawMode":0,"name":"Shaded","section":"Shading Mode"},"sceneLighting":true,"audioPlay":false,"sceneViewState":{"m_AlwaysRefresh":false,"showFog":true,"showSkybox":true,"showFlares":true,"showImageEffects":true,"showParticleSystems":true,"showVisualEffectGraphs":true,"m_FxEnabled":true},"in2DMode":false,"pivot":{"x":2.2399866580963136,"y":4.570047855377197,"z":2.763758420944214},"rotation":{"x":0.04412189871072769,"y":-0.8612798452377319,"z":0.07876791805028916,"w":0.5018502473831177},"size":0.8276059031486511,"orthographic":false}